model,.metric,mean,std_err,n
Logistic regression,accuracy,0.8590172933096855,3.0789581214163418e-6,5
Random forest,accuracy,0.8590172933096855,3.0789581214163418e-6,5
Logistic regression,roc_auc,0.3439596460373913,8.357160728343568e-4,5
Random forest,roc_auc,0.343819795997031,9.501697378458468e-4,5
